mean_fit_time,std_fit_time,mean_score_time,std_score_time,param_model__colsample_bytree,param_model__learning_rate,param_model__max_depth,param_model__n_estimators,param_model__subsample,params,split0_test_mae,split1_test_mae,split2_test_mae,split3_test_mae,split4_test_mae,mean_test_mae,std_test_mae,rank_test_mae,split0_test_r2,split1_test_r2,split2_test_r2,split3_test_r2,split4_test_r2,mean_test_r2,std_test_r2,rank_test_r2
0.09913067817687989,0.00833599054236712,0.0032756805419921877,0.0006506608473064001,0.7,0.03,3,300,0.8,"{'model__colsample_bytree': 0.7, 'model__learning_rate': 0.03, 'model__max_depth': 3, 'model__n_estimators': 300, 'model__subsample': 0.8}",-0.6659382362263643,-0.7298358603156944,-0.7170042821781174,-0.49248281459832277,-0.7103997356219647,-0.6631321857880927,0.0879941884885177,2,0.6397151976584783,0.6844723064267179,0.60432889202563,0.5258618260755703,0.8082970642088393,0.6525350572790471,0.0936120519576164,1
0.09489741325378417,0.00926799136306409,0.005155086517333984,0.0015279697532444353,0.7,0.03,3,300,1.0,"{'model__colsample_bytree': 0.7, 'model__learning_rate': 0.03, 'model__max_depth': 3, 'model__n_estimators': 300, 'model__subsample': 1.0}",-0.6642739035307221,-0.7291735606757775,-0.7102998366099404,-0.5043913794285791,-0.7067383656283972,-0.6629754091746832,0.08208236549943272,1,0.6257485331979362,0.6901928100140768,0.6103100316400427,0.511493943576568,0.807900943387178,0.6491292523631603,0.09786902859290074,4
0.19376630783081056,0.011953967469037414,0.004169654846191406,0.0016112909140001959,0.7,0.03,3,600,0.8,"{'model__colsample_bytree': 0.7, 'model__learning_rate': 0.03, 'model__max_depth': 3, 'model__n_estimators': 600, 'model__subsample': 0.8}",-0.6813425468475798,-0.7335390363462329,-0.7210026452989121,-0.49740929353709373,-0.7297986983438705,-0.6726184440747378,0.08955030694576957,8,0.6272352632939922,0.6846531017843182,0.6022759708808976,0.5213840436261343,0.7996458978665972,0.6470388554903879,0.09261616571005221,6
0.17819523811340332,0.007849783577386533,0.0043182373046875,0.0013834143578298403,0.7,0.03,3,600,1.0,"{'model__colsample_bytree': 0.7, 'model__learning_rate': 0.03, 'model__max_depth': 3, 'model__n_estimators': 600, 'model__subsample': 1.0}",-0.6763020289966936,-0.7391579542001707,-0.7159611962040694,-0.5048333769805229,-0.7606412733774073,-0.6793791659517728,0.09164167150867394,20,0.6149358750871754,0.6850188177119703,0.6063589445423004,0.5080601143991175,0.7842713115846713,0.639729012665047,0.09166089952230892,20
0.29881997108459474,0.02776571120412756,0.004704046249389649,0.0014785708857527882,0.7,0.03,3,900,0.8,"{'model__colsample_bytree': 0.7, 'model__learning_rate': 0.03, 'model__max_depth': 3, 'model__n_estimators': 900, 'model__subsample': 0.8}",-0.6836608155337353,-0.7380409639550702,-0.725310108448893,-0.5020983616118273,-0.7531689733000891,-0.6804558445699229,0.09212688382712389,21,0.6238855322317776,0.6819150171565871,0.6000284218041941,0.5174944636525504,0.7886113888193385,0.6423869647328895,0.09019837594719995,18
0.2978851795196533,0.034950872197366485,0.0056880474090576175,0.0010531224363127564,0.7,0.03,3,900,1.0,"{'model__colsample_bytree': 0.7, 'model__learning_rate': 0.03, 'model__max_depth': 3, 'model__n_estimators': 900, 'model__subsample': 1.0}",-0.6898575040180779,-0.7455467274005174,-0.7181546557913975,-0.5117389830257849,-0.790288457459974,-0.6911172655391503,0.09561032092164724,41,0.6012617695083864,0.6815544219483362,0.6037445101704746,0.5033054541593541,0.7685368384280636,0.6316805988429229,0.08877267208489475,44
0.25624260902404783,0.01311082977924875,0.004608345031738281,0.0018777216989856928,0.7,0.03,5,300,0.8,"{'model__colsample_bytree': 0.7, 'model__learning_rate': 0.03, 'model__max_depth': 5, 'model__n_estimators': 300, 'model__subsample': 0.8}",-0.6751706207577669,-0.7465937585170047,-0.727346114016625,-0.5018355787537827,-0.72625504147484,-0.6754402227040038,0.08997537230226392,16,0.6435874158593613,0.6739548009815151,0.5980100854222927,0.5176260714169365,0.7992949255294302,0.6464946598419071,0.09280980514197243,7
0.26689801216125486,0.021502366860890874,0.004633712768554688,0.002153669547800199,0.7,0.03,5,300,1.0,"{'model__colsample_bytree': 0.7, 'model__learning_rate': 0.03, 'model__max_depth': 5, 'model__n_estimators': 300, 'model__subsample': 1.0}",-0.6655193868972612,-0.7497186909713319,-0.7192218696874217,-0.5097425581492641,-0.7264655477488777,-0.6741336106908312,0.08669868523096612,13,0.6464647378824866,0.6726769166445745,0.6019591516138245,0.5089536564434465,0.8003859612246882,0.646088084761804,0.0951505719377457,8
0.4796346664428711,0.020323110185257853,0.0075089454650878905,0.004209126491280363,0.7,0.03,5,600,0.8,"{'model__colsample_bytree': 0.7, 'model__learning_rate': 0.03, 'model__max_depth': 5, 'model__n_estimators': 600, 'model__subsample': 0.8}",-0.6799290334441965,-0.7558005350284671,-0.739532112888772,-0.5133654162374108,-0.7549270429701106,-0.6887108281137915,0.0919690733384777,36,0.6359775775403942,0.6690872193661768,0.5898803719886602,0.5035782796671764,0.7846004956162838,0.6366247888357383,0.092560739175873,27
0.46358275413513184,0.016056754765118437,0.006651687622070313,0.003338326668147973,0.7,0.03,5,600,1.0,"{'model__colsample_bytree': 0.7, 'model__learning_rate': 0.03, 'model__max_depth': 5, 'model__n_estimators': 600, 'model__subsample': 1.0}",-0.6708236663769567,-0.767819157942252,-0.7312192747060472,-0.5215078558022574,-0.768087896754795,-0.6918915703164616,0.09229519359748459,43,0.636894239371226,0.6567586930230102,0.5961338648667598,0.49415794263409096,0.7816902554706311,0.6331269990731436,0.09308553145983685,39
0.763194227218628,0.0505507105834403,0.005503559112548828,6.922315826574232e-05,0.7,0.03,5,900,0.8,"{'model__colsample_bytree': 0.7, 'model__learning_rate': 0.03, 'model__max_depth': 5, 'model__n_estimators': 900, 'model__subsample': 0.8}",-0.6841257083512635,-0.7640220477404933,-0.7459651871242263,-0.5233857638556908,-0.771390896425356,-0.697777920699406,0.09244260325062613,54,0.633064652717568,0.6632287448376242,0.5856111848889602,0.49060656164193794,0.7770809091958099,0.6299184106563801,0.09396509959529575,48
0.6798779487609863,0.07044856642022995,0.009879446029663086,0.001453808562073196,0.7,0.03,5,900,1.0,"{'model__colsample_bytree': 0.7, 'model__learning_rate': 0.03, 'model__max_depth': 5, 'model__n_estimators': 900, 'model__subsample': 1.0}",-0.6777751167525523,-0.7765275010265896,-0.7387777173699801,-0.5280383367577021,-0.7903665269622334,-0.7022970397738115,0.0954616740632853,61,0.6285757308015552,0.6492102227911161,0.5891913202627673,0.48503017858157293,0.7709525680658265,0.6245920041005677,0.09249221914575373,62
0.567698621749878,0.023093304475728833,0.007848548889160156,0.002281027216224347,0.7,0.03,7,300,0.8,"{'model__colsample_bytree': 0.7, 'model__learning_rate': 0.03, 'model__max_depth': 7, 'model__n_estimators': 300, 'model__subsample': 0.8}",-0.6904774096291869,-0.7643936410050649,-0.7334670617661861,-0.5220493301152586,-0.7701495887006209,-0.6961074062432635,0.09150837035926362,51,0.6307075136455573,0.659978761158146,0.5970737574043049,0.49446767964030724,0.7782288907526057,0.6320913205201844,0.09198076968132629,42
0.6225085735321045,0.028402466176525903,0.00464777946472168,0.001173631814491019,0.7,0.03,7,300,1.0,"{'model__colsample_bytree': 0.7, 'model__learning_rate': 0.03, 'model__max_depth': 7, 'model__n_estimators': 300, 'model__subsample': 1.0}",-0.6860247015831413,-0.7772848718700225,-0.7349306579236894,-0.5255211175652906,-0.7750678391145883,-0.6997658376113465,0.09323754391195148,59,0.6245496767680581,0.6453218057307757,0.5977855583297613,0.49129792423339347,0.7773612212642671,0.6272632372652511,0.09188947710096046,55
1.3037923336029054,0.09312757637272631,0.01274251937866211,0.006696793737696301,0.7,0.03,7,600,0.8,"{'model__colsample_bytree': 0.7, 'model__learning_rate': 0.03, 'model__max_depth': 7, 'model__n_estimators': 600, 'model__subsample': 0.8}",-0.6962922616499267,-0.7751463753310357,-0.7378481220837505,-0.5334576225338815,-0.7962102058408936,-0.7077909174878976,0.09357615146802101,79,0.6240898455329555,0.6538773310093251,0.5950009030589409,0.4785364487505881,0.7653890985616396,0.6233787253826899,0.0926090736669688,64
1.2229970932006835,0.08221496254786362,0.013404512405395507,0.006536152155787723,0.7,0.03,7,600,1.0,"{'model__colsample_bytree': 0.7, 'model__learning_rate': 0.03, 'model__max_depth': 7, 'model__n_estimators': 600, 'model__subsample': 1.0}",-0.6919935944288298,-0.7899414549435018,-0.7449735110202363,-0.5351760691360248,-0.7991282115762728,-0.712242568220973,0.0963536327011579,92,0.6204452958371227,0.636076037555809,0.5926866202254266,0.4772847831784237,0.7649036128126507,0.6182792699218865,0.09203753967286166,83
1.871141529083252,0.10615411222216357,0.01539297103881836,0.0016206543584957069,0.7,0.03,7,900,0.8,"{'model__colsample_bytree': 0.7, 'model__learning_rate': 0.03, 'model__max_depth': 7, 'model__n_estimators': 900, 'model__subsample': 0.8}",-0.6961448941047053,-0.7800737956756135,-0.7408480325284525,-0.5380629688891052,-0.804989983478849,-0.7120239349353452,0.09446571862433713,90,0.6237453077575376,0.6502298853615571,0.5931545427882969,0.4723581402245527,0.7606925251505978,0.6200360802565084,0.09299575340235364,77
1.7961155414581298,0.1073988558086452,0.012616157531738281,0.0031509169617835587,0.7,0.03,7,900,1.0,"{'model__colsample_bytree': 0.7, 'model__learning_rate': 0.03, 'model__max_depth': 7, 'model__n_estimators': 900, 'model__subsample': 1.0}",-0.694306049185292,-0.7938721917931512,-0.7497757113090473,-0.5410633171595574,-0.806963396970385,-0.7171961332834866,0.09648371193989433,106,0.618871105955408,0.6335762092052375,0.5903520315351094,0.47167983282957127,0.7605035809250942,0.6149965520900841,0.09238998395880978,92
0.12144474983215332,0.014213305380212144,0.002355527877807617,3.2308805325164095e-05,0.7,0.05,3,300,0.8,"{'model__colsample_bytree': 0.7, 'model__learning_rate': 0.05, 'model__max_depth': 3, 'model__n_estimators': 300, 'model__subsample': 0.8}",-0.6916264865956838,-0.724919857630262,-0.7204053439404474,-0.5014149296222372,-0.7276611938909351,-0.6732055623359131,0.08685500039504053,11,0.6084967419539168,0.6908655366627365,0.6063916964233004,0.5196320908335019,0.8003341936081712,0.6451440518963254,0.09462817445596877,11
0.09921178817749024,0.013554956385881433,0.003644704818725586,0.001445971497909072,0.7,0.05,3,300,1.0,"{'model__colsample_bytree': 0.7, 'model__learning_rate': 0.05, 'model__max_depth': 3, 'model__n_estimators': 300, 'model__subsample': 1.0}",-0.6693238184683197,-0.7424370015121646,-0.7178194800568822,-0.5020782725651852,-0.7304215155178032,-0.672416017624071,0.08871703270376996,7,0.6238014118491269,0.6768949860284306,0.6031840027643025,0.5160772706579226,0.7982936518272962,0.6436502646254157,0.09308722017743552,14
0.20566701889038086,0.014197287978494077,0.0043408870697021484,0.0006801879741415532,0.7,0.05,3,600,0.8,"{'model__colsample_bytree': 0.7, 'model__learning_rate': 0.05, 'model__max_depth': 3, 'model__n_estimators': 600, 'model__subsample': 0.8}",-0.7015682680951292,-0.7329026883386246,-0.7298761439013218,-0.5091115314202963,-0.7648053207073147,-0.6876527904925374,0.0914915290665927,34,0.6011226022611129,0.687384628048165,0.6007593187245923,0.5073052688798267,0.783506154580653,0.6360155944988699,0.0931870342169584,29
0.20101456642150878,0.02820276547753617,0.004738044738769531,0.001234822493102045,0.7,0.05,3,600,1.0,"{'model__colsample_bytree': 0.7, 'model__learning_rate': 0.05, 'model__max_depth': 3, 'model__n_estimators': 600, 'model__subsample': 1.0}",-0.6867457257472089,-0.7527690850821958,-0.7283813425035444,-0.5098738373631025,-0.7756503328116211,-0.6906840647015345,0.0950818069346589,39,0.6083255326468882,0.6718475433142823,0.5957455031277298,0.5083446103243667,0.7767590172522617,0.6322044413331057,0.0891160088272343,41
0.32477555274963377,0.010176769502561486,0.006973791122436524,0.005106256419278817,0.7,0.05,3,900,0.8,"{'model__colsample_bytree': 0.7, 'model__learning_rate': 0.05, 'model__max_depth': 3, 'model__n_estimators': 900, 'model__subsample': 0.8}",-0.7111970718179601,-0.7416909909760888,-0.7355009698451163,-0.5156970992281352,-0.7879889620989593,-0.6984150187932519,0.09467934079075112,55,0.5950691927769565,0.680939052608248,0.5971762888486694,0.4982458645702986,0.7712534881115566,0.6285367773831458,0.0918622222592102,51
0.3032257080078125,0.023136315670089082,0.00608973503112793,0.0022918562765265457,0.7,0.05,3,900,1.0,"{'model__colsample_bytree': 0.7, 'model__learning_rate': 0.05, 'model__max_depth': 3, 'model__n_estimators': 900, 'model__subsample': 1.0}",-0.7018698854219889,-0.7635366216775412,-0.738147595788868,-0.5217042350562656,-0.8009265452159466,-0.7052369766321221,0.09729753905934947,72,0.5961014551156043,0.6635866121012308,0.5879928881730032,0.4929137500184416,0.7634007125714248,0.6207990835959409,0.08967371413849384,72
0.2776791095733643,0.02838483850347636,0.006192159652709961,0.0026678913821829263,0.7,0.05,5,300,0.8,"{'model__colsample_bytree': 0.7, 'model__learning_rate': 0.05, 'model__max_depth': 5, 'model__n_estimators': 300, 'model__subsample': 0.8}",-0.6901794839794846,-0.7563013321222165,-0.7278229099043532,-0.5138823201204523,-0.7690954658625814,-0.6914563023978177,0.09283253435312033,42,0.6298959069811287,0.6616845683074444,0.6017245419847776,0.5041692895671093,0.7803245722805234,0.6355597758241966,0.08953179704825319,33
0.25630860328674315,0.01831931578465796,0.0032599449157714845,0.0008296004107986236,0.7,0.05,5,300,1.0,"{'model__colsample_bytree': 0.7, 'model__learning_rate': 0.05, 'model__max_depth': 5, 'model__n_estimators': 300, 'model__subsample': 1.0}",-0.6698233015214661,-0.76831497207367,-0.7262273702537492,-0.513830983851357,-0.7492191048402908,-0.6854831465081066,0.09197083360438317,28,0.6430847557396857,0.6535743459127707,0.5961978648297517,0.49595380894219243,0.7893312115093298,0.635628397386746,0.09493783963464868,30
0.5226315975189209,0.0071761645494153046,0.004796314239501953,0.0007854405365186753,0.7,0.05,5,600,0.8,"{'model__colsample_bytree': 0.7, 'model__learning_rate': 0.05, 'model__max_depth': 5, 'model__n_estimators': 600, 'model__subsample': 0.8}",-0.7061966932984077,-0.7754858541191538,-0.7430711483638736,-0.5337116168122081,-0.7934909760371536,-0.7103912577261594,0.09321387750678298,88,0.6188797483944375,0.6476852960069339,0.590662994540162,0.47401160106262474,0.7654733491977438,0.6193425978403804,0.09391627923966264,79
0.49063358306884763,0.04035512780196463,0.0066887855529785155,0.0029568775813833574,0.7,0.05,5,600,1.0,"{'model__colsample_bytree': 0.7, 'model__learning_rate': 0.05, 'model__max_depth': 5, 'model__n_estimators': 600, 'model__subsample': 1.0}",-0.6936730728232415,-0.7761707212564241,-0.7456088986982737,-0.526400526715678,-0.7785712379589176,-0.7040848914905069,0.09396697855229574,65,0.6246153812819497,0.6468796712557084,0.5820168636936047,0.4741283754243524,0.7762819518042838,0.6207844486919798,0.09786321028068347,73
0.7269872188568115,0.03970430708078955,0.014187860488891601,0.00839053562034558,0.7,0.05,5,900,0.8,"{'model__colsample_bytree': 0.7, 'model__learning_rate': 0.05, 'model__max_depth': 5, 'model__n_estimators': 900, 'model__subsample': 0.8}",-0.7174897220454985,-0.7871823432533462,-0.7505013117224589,-0.5437804727356191,-0.8048056971058204,-0.7207519093725485,0.09348005131531892,118,0.6104603648243785,0.6401693239748265,0.5854784745428309,0.45970205809550535,0.7581814925856682,0.6107983428046418,0.09597473061706487,110
0.7097567558288574,0.05092682550079744,0.008256053924560547,0.0031227783733954384,0.7,0.05,5,900,1.0,"{'model__colsample_bytree': 0.7, 'model__learning_rate': 0.05, 'model__max_depth': 5, 'model__n_estimators': 900, 'model__subsample': 1.0}",-0.7050461136072019,-0.7867652765650858,-0.7558340486108177,-0.536021756399139,-0.7975525168741339,-0.7162439424112755,0.09566310371488589,100,0.6157713239728582,0.6391483958924098,0.5742561551845708,0.45915101374894596,0.7671842562144493,0.6111022290026469,0.09961605504784736,108
0.6013811588287353,0.027120666953337168,0.003987646102905274,4.471161450509824e-05,0.7,0.05,7,300,0.8,"{'model__colsample_bytree': 0.7, 'model__learning_rate': 0.05, 'model__max_depth': 7, 'model__n_estimators': 300, 'model__subsample': 0.8}",-0.7033859418272171,-0.7687037644791821,-0.7362088866381896,-0.5337175538064417,-0.7834703663935638,-0.7050973026289189,0.09003332364717073,69,0.6190417290275775,0.6508526973786775,0.5951354250215933,0.473939877015493,0.7730822878348793,0.6224104032556441,0.0962390258298469,69
0.5905603885650634,0.057037496831169744,0.003952789306640625,0.0001242991460750639,0.7,0.05,7,300,1.0,"{'model__colsample_bytree': 0.7, 'model__learning_rate': 0.05, 'model__max_depth': 7, 'model__n_estimators': 300, 'model__subsample': 1.0}",-0.7055453605535628,-0.7712637661670538,-0.7500803593689067,-0.5332414486968283,-0.786443341106213,-0.7093148551785129,0.09215676948098242,85,0.6082844619933709,0.6436356036500963,0.5873228693345633,0.4758205793827085,0.7730666138812875,0.6176260256484054,0.0958672053443993,85
1.2559311389923096,0.04122577898836411,0.013210678100585937,0.011684163538683408,0.7,0.05,7,600,0.8,"{'model__colsample_bytree': 0.7, 'model__learning_rate': 0.05, 'model__max_depth': 7, 'model__n_estimators': 600, 'model__subsample': 0.8}",-0.7099940583694268,-0.7757511572141583,-0.7435079680056893,-0.5469560396751181,-0.799895984291111,-0.7152210415111007,0.08941400701004333,97,0.6151216460872921,0.6470706510797369,0.591456827495775,0.4519086847251653,0.7644925827545895,0.6140100784285119,0.10052336258118041,98
1.2104132652282715,0.10320410993520543,0.00866560935974121,0.002578329313211656,0.7,0.05,7,600,1.0,"{'model__colsample_bytree': 0.7, 'model__learning_rate': 0.05, 'model__max_depth': 7, 'model__n_estimators': 600, 'model__subsample': 1.0}",-0.7084653236087768,-0.7795476434413464,-0.7575766408203825,-0.542553768720176,-0.8021416667206198,-0.7180570086622604,0.09306612365901301,110,0.6051134161210179,0.6384955582567184,0.5834351045882678,0.4621838808088783,0.7648101151246327,0.610807614979903,0.09731812250393217,109
1.849355936050415,0.05987892036366022,0.018757438659667967,0.01217766240627898,0.7,0.05,7,900,0.8,"{'model__colsample_bytree': 0.7, 'model__learning_rate': 0.05, 'model__max_depth': 7, 'model__n_estimators': 900, 'model__subsample': 0.8}",-0.7121227438749271,-0.7778473137790661,-0.744453672424146,-0.5489189714861467,-0.8051090902314504,-0.7176903583591472,0.08999105322794976,108,0.61395920995714,0.6457572248236463,0.5909051841871155,0.44929067757178576,0.7615907206257706,0.6123006034330916,0.10043867330455523,101
1.7643810272216798,0.05752999600982945,0.013129806518554688,0.0039028867850065562,0.7,0.05,7,900,1.0,"{'model__colsample_bytree': 0.7, 'model__learning_rate': 0.05, 'model__max_depth': 7, 'model__n_estimators': 900, 'model__subsample': 1.0}",-0.7101645116845324,-0.7807145622575519,-0.7602271578415963,-0.5451168929185857,-0.8078907798398315,-0.7208227809084196,0.09349515988512926,119,0.6048514022801625,0.6374631189686664,0.5819981212808673,0.4597147812431125,0.7618349659901514,0.609172477952592,0.09716060527200322,114
0.11499967575073242,0.011759477978148181,0.002457857131958008,3.213012136010237e-05,0.7,0.1,3,300,0.8,"{'model__colsample_bytree': 0.7, 'model__learning_rate': 0.1, 'model__max_depth': 3, 'model__n_estimators': 300, 'model__subsample': 0.8}",-0.698017780420502,-0.7574082895609708,-0.7286377782058857,-0.512235539598146,-0.7324797866666036,-0.6857558348904217,0.08878706119577327,29,0.6100323262918037,0.6678786165077495,0.5974270859303655,0.5044948000951622,0.7982296226871115,0.6356124903024385,0.09673650110322608,31
0.11115703582763672,0.009543425769275459,0.0032407760620117186,0.0014607964858468214,0.7,0.1,3,300,1.0,"{'model__colsample_bytree': 0.7, 'model__learning_rate': 0.1, 'model__max_depth': 3, 'model__n_estimators': 300, 'model__subsample': 1.0}",-0.6819353989454622,-0.7537543237198017,-0.7300896801656487,-0.49356742177144586,-0.8133150132293772,-0.6945323675663471,0.10901969779578208,49,0.614699262832139,0.6704956765567249,0.59674190510194,0.5235853546658885,0.757539324397007,0.6326123047107399,0.07814902249374096,40
0.24419021606445312,0.06435257488066849,0.0043658256530761715,0.0022910534088708486,0.7,0.1,3,600,0.8,"{'model__colsample_bytree': 0.7, 'model__learning_rate': 0.1, 'model__max_depth': 3, 'model__n_estimators': 600, 'model__subsample': 0.8}",-0.7257118448521538,-0.7752918390333517,-0.737739645468128,-0.5312020139226268,-0.7749238736414572,-0.7089738433835435,0.09105815553880021,82,0.5861906651291499,0.6555940911460634,0.5902084292440349,0.4714134799841968,0.775676707997216,0.6158166747001322,0.09952209646853888,90
0.20275917053222656,0.01698774217297765,0.005021905899047852,0.0025223693152084826,0.7,0.1,3,600,1.0,"{'model__colsample_bytree': 0.7, 'model__learning_rate': 0.1, 'model__max_depth': 3, 'model__n_estimators': 600, 'model__subsample': 1.0}",-0.7041272973364205,-0.7714853862654999,-0.7478997168515275,-0.5137366055985069,-0.8338857817408573,-0.7142269575585625,0.10865449916754337,96,0.5988581153506869,0.6572430526685775,0.5806929753264187,0.4980615271439688,0.7475175004518777,0.616474634188306,0.08300196324270073,88
0.29213991165161135,0.019590909742746986,0.00872945785522461,0.004261481589844069,0.7,0.1,3,900,0.8,"{'model__colsample_bytree': 0.7, 'model__learning_rate': 0.1, 'model__max_depth': 3, 'model__n_estimators': 900, 'model__subsample': 0.8}",-0.7338444177831362,-0.7923358818293688,-0.7460624799736755,-0.5452288163693456,-0.7942754673232625,-0.7223494126557578,0.09180153979185582,123,0.5771521685234222,0.6408960065464164,0.5796797178899894,0.44136372631492893,0.7651271126495204,0.6008437463848555,0.10491548192759678,138
0.28744006156921387,0.028509996952027387,0.009235858917236328,0.0024442131886357223,0.7,0.1,3,900,1.0,"{'model__colsample_bytree': 0.7, 'model__learning_rate': 0.1, 'model__max_depth': 3, 'model__n_estimators': 900, 'model__subsample': 1.0}",-0.718625616860926,-0.7845728320846997,-0.7568412532721334,-0.5313295928567406,-0.8489672288311072,-0.7280673047811215,0.10717507091384094,135,0.5889614918258658,0.6472198572031254,0.5750406718071097,0.46859592670925343,0.7382552829051083,0.6036146460900926,0.08864621485164803,126
0.251079797744751,0.01200558674865421,0.00406498908996582,0.0015213082179104062,0.7,0.1,5,300,0.8,"{'model__colsample_bytree': 0.7, 'model__learning_rate': 0.1, 'model__max_depth': 5, 'model__n_estimators': 300, 'model__subsample': 0.8}",-0.7086881505635912,-0.785217254582697,-0.7662431589596972,-0.5213497726811057,-0.8066928578942717,-0.7176382389362725,0.10341117234676549,107,0.5985631588156433,0.6521123975938143,0.5639389014938825,0.4755473625257306,0.7595575383544007,0.6099438717566943,0.09430888973313471,112
0.24468183517456055,0.015632721726914926,0.003411674499511719,0.0010892635820405276,0.7,0.1,5,300,1.0,"{'model__colsample_bytree': 0.7, 'model__learning_rate': 0.1, 'model__max_depth': 5, 'model__n_estimators': 300, 'model__subsample': 1.0}",-0.7160970231942122,-0.7844294268967933,-0.7483509030047911,-0.5270881320973734,-0.8088459340169027,-0.7169622838420147,0.100032602836392,104,0.6032371361967532,0.6404036159502432,0.5847274754646574,0.4852717370740325,0.7581732923960685,0.6143626514163509,0.08834717562115699,97
0.49822225570678713,0.01403803209690985,0.006792974472045898,0.003208959146361989,0.7,0.1,5,600,0.8,"{'model__colsample_bytree': 0.7, 'model__learning_rate': 0.1, 'model__max_depth': 5, 'model__n_estimators': 600, 'model__subsample': 0.8}",-0.7237412985947557,-0.7977127977031092,-0.7753409971153075,-0.5398396222875045,-0.8409983831294273,-0.7355266197660207,0.10488936363081602,153,0.5832396637071025,0.6418084394987449,0.5564973047551726,0.44480130266640505,0.7402888763768362,0.5933271174008522,0.0974333686759783,155
0.480814790725708,0.016352086386760792,0.004736804962158203,0.0012690171274768196,0.7,0.1,5,600,1.0,"{'model__colsample_bytree': 0.7, 'model__learning_rate': 0.1, 'model__max_depth': 5, 'model__n_estimators': 600, 'model__subsample': 1.0}",-0.724201120774639,-0.8001748382711931,-0.7588873345565873,-0.5406521081820459,-0.8373704548742189,-0.732257171331737,0.10310012379055505,145,0.6000291629138539,0.6272142620145373,0.5756131122660411,0.4610484031556079,0.7432880456836403,0.6014385972067361,0.09073477799900925,136
0.7464961528778076,0.007758173654400126,0.010303974151611328,0.002523064015746863,0.7,0.1,5,900,0.8,"{'model__colsample_bytree': 0.7, 'model__learning_rate': 0.1, 'model__max_depth': 5, 'model__n_estimators': 900, 'model__subsample': 0.8}",-0.7275401122482482,-0.8025444486896893,-0.7795923571592828,-0.5457224004433707,-0.8524784718196512,-0.7415755580720484,0.1058464850680359,160,0.5802390130871106,0.6376130261319493,0.5540844824553501,0.4346618647227273,0.733003647392731,0.5879204067579736,0.09819425382601443,158
0.7520021438598633,0.013930871014856022,0.010019826889038085,0.0037064018212537133,0.7,0.1,5,900,1.0,"{'model__colsample_bytree': 0.7, 'model__learning_rate': 0.1, 'model__max_depth': 5, 'model__n_estimators': 900, 'model__subsample': 1.0}",-0.7297753579676602,-0.8012536574407954,-0.7607014335780483,-0.5450993183015708,-0.8471756031386762,-0.7368010740853502,0.10364055500272516,156,0.597054073506338,0.6262023241003052,0.5732200340534539,0.45395875152064213,0.7379386793945846,0.5976747725150648,0.09136793634914789,149
0.665087366104126,0.06098560002940487,0.006710147857666016,0.0028789497281084685,0.7,0.1,7,300,0.8,"{'model__colsample_bytree': 0.7, 'model__learning_rate': 0.1, 'model__max_depth': 7, 'model__n_estimators': 300, 'model__subsample': 0.8}",-0.7122930508336531,-0.8012313271794679,-0.7640557973967702,-0.5473685560763867,-0.7950317223978082,-0.7239960907768173,0.0937553944631521,125,0.5985154198248464,0.6308160474134445,0.5822902245044426,0.4507518640946593,0.7642108335081625,0.6053168778691111,0.10036366560252419,122
0.630087423324585,0.05983652333648552,0.006138277053833008,0.0024675177598255907,0.7,0.1,7,300,1.0,"{'model__colsample_bytree': 0.7, 'model__learning_rate': 0.1, 'model__max_depth': 7, 'model__n_estimators': 300, 'model__subsample': 1.0}",-0.7252737695657503,-0.7917257479290709,-0.7623890419532112,-0.5438964383779331,-0.8011141889538431,-0.7248798373559617,0.09427845824115076,129,0.5918086375619449,0.6325827216370272,0.5751228010543771,0.46666753674323935,0.762203684199564,0.6056770762392305,0.09557619175102637,120
1.2829620361328125,0.04049610602008745,0.010819625854492188,0.004543545118638514,0.7,0.1,7,600,0.8,"{'model__colsample_bytree': 0.7, 'model__learning_rate': 0.1, 'model__max_depth': 7, 'model__n_estimators': 600, 'model__subsample': 0.8}",-0.7153688865567778,-0.802654440189587,-0.7660220196668696,-0.5512658820083434,-0.7999856255015633,-0.7270593707846282,0.09337125818036304,132,0.59625762806583,0.6294506590929596,0.5809994559839198,0.44515892783891853,0.7615146191839707,0.6026762580331197,0.10126133061978546,129
1.2012474536895752,0.044843864358626334,0.009544992446899414,0.002696674515012805,0.7,0.1,7,600,1.0,"{'model__colsample_bytree': 0.7, 'model__learning_rate': 0.1, 'model__max_depth': 7, 'model__n_estimators': 600, 'model__subsample': 1.0}",-0.7275290574293459,-0.7951671818692881,-0.7622028291403168,-0.5469304659418843,-0.8126045644411957,-0.7288868197644062,0.09552137129480862,137,0.5890607072913634,0.630393123403787,0.5742259437195538,0.461530729257967,0.7570546707860571,0.6024530348917456,0.09541229869046997,131
1.8040186405181884,0.058598441442514713,0.01578221321105957,0.0062247155221058425,0.7,0.1,7,900,0.8,"{'model__colsample_bytree': 0.7, 'model__learning_rate': 0.1, 'model__max_depth': 7, 'model__n_estimators': 900, 'model__subsample': 0.8}",-0.7157377695949345,-0.8029941857291549,-0.766076704282814,-0.5514391293084902,-0.8004830086765092,-0.7273461595183806,0.09343416470006323,134,0.5960244641319888,0.6290711463230245,0.5810234949871886,0.44506679985682873,0.7612271346367879,0.6024826079871637,0.10118173047954562,130
1.7318034172058105,0.0522953367478651,0.011903762817382812,0.004083171044475201,0.7,0.1,7,900,1.0,"{'model__colsample_bytree': 0.7, 'model__learning_rate': 0.1, 'model__max_depth': 7, 'model__n_estimators': 900, 'model__subsample': 1.0}",-0.7281804722558001,-0.7955074666927258,-0.7621477314252777,-0.5472111415996198,-0.8136770335947167,-0.729344769113628,0.09564463558240534,138,0.5885301375048815,0.6301138939471682,0.5741184773633121,0.46118654524066593,0.7566334346277428,0.602116497736754,0.0953824594152072,132
0.12722082138061525,0.011622718981098424,0.004234933853149414,0.001332135929652234,0.9,0.03,3,300,0.8,"{'model__colsample_bytree': 0.9, 'model__learning_rate': 0.03, 'model__max_depth': 3, 'model__n_estimators': 300, 'model__subsample': 0.8}",-0.6667722963198456,-0.7247491251661787,-0.713882703177033,-0.495811323380209,-0.7188126046649953,-0.6640056105416523,0.08657745471827623,3,0.6323091867816999,0.6904402317991685,0.6073572850724976,0.5241405359651077,0.8047707048574811,0.6518035888951911,0.09332211898730236,2
0.12118735313415527,0.014712433170826145,0.0035076141357421875,0.0017747210265057877,0.9,0.03,3,300,1.0,"{'model__colsample_bytree': 0.9, 'model__learning_rate': 0.03, 'model__max_depth': 3, 'model__n_estimators': 300, 'model__subsample': 1.0}",-0.6659124816886487,-0.7288950174995323,-0.7099202628127187,-0.5047854057692175,-0.7318730484939435,-0.6682772432528121,0.08507438521432698,5,0.6206415195343074,0.6886691559512648,0.6101496415678913,0.5105883072035907,0.7992990547079792,0.6458695357930067,0.09548381979857691,9
0.253078556060791,0.004042247656476401,0.003360414505004883,0.0004552743350952671,0.9,0.03,3,600,0.8,"{'model__colsample_bytree': 0.9, 'model__learning_rate': 0.03, 'model__max_depth': 3, 'model__n_estimators': 600, 'model__subsample': 0.8}",-0.679108557132746,-0.728756826648372,-0.7192734067597853,-0.5002258600973207,-0.7427977360925027,-0.6740324773461455,0.08944793311943536,12,0.6202349906169986,0.6891411663535238,0.6033636939756046,0.5180421405427602,0.7938351943010119,0.6449234371579797,0.09226647719230105,12
0.23124771118164061,0.019109132179406973,0.004296207427978515,0.0014153465203900943,0.9,0.03,3,600,1.0,"{'model__colsample_bytree': 0.9, 'model__learning_rate': 0.03, 'model__max_depth': 3, 'model__n_estimators': 600, 'model__subsample': 1.0}",-0.686107412404458,-0.7382395476413985,-0.7150053568276501,-0.5070698723016915,-0.7661559457630965,-0.682515626987659,0.09159754861650576,24,0.5965117280735257,0.6844593287863988,0.605062338873892,0.5076680757203627,0.7833105090281898,0.6354023960964736,0.09277117251544552,35
0.3626425743103027,0.005405896484947968,0.005951976776123047,0.0022336176734827785,0.9,0.03,3,900,0.8,"{'model__colsample_bytree': 0.9, 'model__learning_rate': 0.03, 'model__max_depth': 3, 'model__n_estimators': 900, 'model__subsample': 0.8}",-0.6905637751548329,-0.7317971374438913,-0.7254262776554792,-0.5048611367835576,-0.7630980131005964,-0.6831492680276716,0.09207322655256517,26,0.6116677558733528,0.6886208400506193,0.599131037400771,0.5118033398806137,0.7836350461333936,0.63897160386775,0.09153916800900089,23
0.33179631233215334,0.01850436816918459,0.006740951538085937,0.0036794686359456893,0.9,0.03,3,900,1.0,"{'model__colsample_bytree': 0.9, 'model__learning_rate': 0.03, 'model__max_depth': 3, 'model__n_estimators': 900, 'model__subsample': 1.0}",-0.6903630881425233,-0.7496582893185697,-0.7218211546355778,-0.5103299591136653,-0.7932918347272516,-0.6930928651875176,0.09744180503032261,45,0.5939445189258215,0.6786479043707128,0.6000845549820115,0.5069497301902925,0.7691862123602589,0.6297625841658194,0.088402985182427,49
0.2951455593109131,0.008775473530874732,0.005736541748046875,0.0014527396598998635,0.9,0.03,5,300,0.8,"{'model__colsample_bytree': 0.9, 'model__learning_rate': 0.03, 'model__max_depth': 5, 'model__n_estimators': 300, 'model__subsample': 0.8}",-0.6738610847787857,-0.7405899547746854,-0.7242919876138899,-0.5114496121359027,-0.7385794682788357,-0.67775442151642,0.08658658476440773,18,0.6451455944323944,0.6753639758218182,0.5986201299118108,0.5068459493487584,0.795598784648238,0.644314886832604,0.09469664547749884,13
0.2751655578613281,0.014820930854661506,0.0037652015686035155,0.0011481318385442472,0.9,0.03,5,300,1.0,"{'model__colsample_bytree': 0.9, 'model__learning_rate': 0.03, 'model__max_depth': 5, 'model__n_estimators': 300, 'model__subsample': 1.0}",-0.6741055733705729,-0.7508570981718654,-0.7217874149051002,-0.5127281843185674,-0.7436309477261962,-0.6806218436984606,0.08812319224023671,22,0.6366339760475717,0.6680122962104932,0.5979403763816629,0.5037055234150598,0.792854131981474,0.6398292608072523,0.09434559348179639,19
0.588101863861084,0.013118954432300572,0.006794977188110352,0.0032809870572002558,0.9,0.03,5,600,0.8,"{'model__colsample_bytree': 0.9, 'model__learning_rate': 0.03, 'model__max_depth': 5, 'model__n_estimators': 600, 'model__subsample': 0.8}",-0.6880105314767939,-0.7500166758046065,-0.7340905572847791,-0.5229517852193607,-0.7727472134416331,-0.6935633526454346,0.08970914845733138,46,0.6306150353800892,0.6684775100997344,0.5916855580342885,0.48822901648876416,0.7784186499475994,0.6314851539900952,0.09493679215275547,45
0.564298152923584,0.03067194529981027,0.006016063690185547,0.003928008931110263,0.9,0.03,5,600,1.0,"{'model__colsample_bytree': 0.9, 'model__learning_rate': 0.03, 'model__max_depth': 5, 'model__n_estimators': 600, 'model__subsample': 1.0}",-0.6843200304577186,-0.7673645651295419,-0.7321320698541128,-0.5261425043222332,-0.7851171455410534,-0.699015263060932,0.09304066286012207,58,0.6300501327629301,0.6519210493362873,0.5888212917942011,0.48769894241786693,0.7736234948157306,0.6264229822254033,0.0927249102432297,58
0.864387035369873,0.02379849730180009,0.010415601730346679,0.003398549279564955,0.9,0.03,5,900,0.8,"{'model__colsample_bytree': 0.9, 'model__learning_rate': 0.03, 'model__max_depth': 5, 'model__n_estimators': 900, 'model__subsample': 0.8}",-0.6980576670256348,-0.7623760621107801,-0.7422878917315594,-0.5334616916095803,-0.7893356640530962,-0.7051037953061302,0.09084980679082053,70,0.6215776518728361,0.6602001222806113,0.5865661825580746,0.4729382681224781,0.770014010368709,0.6222592470405418,0.09679069611209153,70
0.8538114070892334,0.02784082819834912,0.008833503723144532,0.004064969458260378,0.9,0.03,5,900,1.0,"{'model__colsample_bytree': 0.9, 'model__learning_rate': 0.03, 'model__max_depth': 5, 'model__n_estimators': 900, 'model__subsample': 1.0}",-0.6940930247819913,-0.7743135858365626,-0.7383838220586406,-0.5335912759074067,-0.8044345833047801,-0.7089632583778762,0.09510779655987069,81,0.6233776094388346,0.6455264159364876,0.5845311137587227,0.4743180074688449,0.7629415813713792,0.6181389455948538,0.09333731200606125,84
0.7198569297790527,0.026528146148665433,0.005273103713989258,0.0018491209621460244,0.9,0.03,7,300,0.8,"{'model__colsample_bytree': 0.9, 'model__learning_rate': 0.03, 'model__max_depth': 7, 'model__n_estimators': 300, 'model__subsample': 0.8}",-0.6871335255813111,-0.7627650255297761,-0.7306291402077778,-0.5198443766807455,-0.7750850343321829,-0.6950914204663586,0.09275395307221329,50,0.6261898907611979,0.6563240005431549,0.6023059420548886,0.49895554606640824,0.7756191535783953,0.6318789066008089,0.08925734269856292,43
0.7323641300201416,0.03444123229668732,0.007331752777099609,0.002516815387698624,0.9,0.03,7,300,1.0,"{'model__colsample_bytree': 0.9, 'model__learning_rate': 0.03, 'model__max_depth': 7, 'model__n_estimators': 300, 'model__subsample': 1.0}",-0.6925060216062413,-0.775912850532575,-0.7370418676796098,-0.5332832432171959,-0.7853918143598967,-0.7048271594791038,0.091826741375276,67,0.6185437382299102,0.6415950759367842,0.5942965910221971,0.47310703334491355,0.772524942801518,0.6200134762670646,0.0958859052806287,78
1.4791587352752686,0.06542093986352818,0.01253814697265625,0.0032106677215455004,0.9,0.03,7,600,0.8,"{'model__colsample_bytree': 0.9, 'model__learning_rate': 0.03, 'model__max_depth': 7, 'model__n_estimators': 600, 'model__subsample': 0.8}",-0.69642817639026,-0.7736593543428363,-0.7386866990282286,-0.5286300818345945,-0.7985818076827292,-0.7071972238557296,0.09566832348240281,78,0.6189586756507074,0.6491745228266343,0.6002472956965157,0.48516415550437963,0.7641250344655767,0.6235339368287628,0.08959095204189481,63
1.4228862285614015,0.06897381475418489,0.00652165412902832,0.0003960134005560674,0.9,0.03,7,600,1.0,"{'model__colsample_bytree': 0.9, 'model__learning_rate': 0.03, 'model__max_depth': 7, 'model__n_estimators': 600, 'model__subsample': 1.0}",-0.6976712465273995,-0.7845461003713805,-0.7492136328683111,-0.5407264408576968,-0.8089986783901422,-0.716231219802986,0.09540122000480997,99,0.616090432223674,0.6353658434378489,0.5886664646267175,0.4601539236937807,0.7605361155321707,0.6121625559028383,0.09615323658954758,102
2.29871187210083,0.09692830486584116,0.009629392623901367,0.0021053998490289743,0.9,0.03,7,900,0.8,"{'model__colsample_bytree': 0.9, 'model__learning_rate': 0.03, 'model__max_depth': 7, 'model__n_estimators': 900, 'model__subsample': 0.8}",-0.6997545448711945,-0.7775558454620632,-0.7422451352918028,-0.5345897266801255,-0.8113728858237993,-0.713103627625797,0.09664944262754677,93,0.6165803986917315,0.6469197293274066,0.5987156151600956,0.47733891667004835,0.7564511205645561,0.6192011560827677,0.08961840523057686,80
2.197808122634888,0.06517429651398901,0.018138694763183593,0.007983164518025568,0.9,0.03,7,900,1.0,"{'model__colsample_bytree': 0.9, 'model__learning_rate': 0.03, 'model__max_depth': 7, 'model__n_estimators': 900, 'model__subsample': 1.0}",-0.7001418658433202,-0.7880368203564708,-0.7537139018421221,-0.546118564384096,-0.8195146063119383,-0.7215051517475894,0.09621493096830148,120,0.6138785822454311,0.6322194548409708,0.585784928569783,0.4522769703145221,0.7555603743985013,0.6079440620738417,0.09709619924842783,115
0.13206005096435547,0.011231995717595844,0.002643108367919922,0.00038784660555740236,0.9,0.05,3,300,0.8,"{'model__colsample_bytree': 0.9, 'model__learning_rate': 0.05, 'model__max_depth': 3, 'model__n_estimators': 300, 'model__subsample': 0.8}",-0.6784281662060673,-0.7268546995548463,-0.7200954998663147,-0.500109555234899,-0.7378410766713035,-0.6726657995066863,0.08859197754343352,9,0.6180346886220565,0.6847342629916457,0.6011175728173057,0.5188404651064897,0.7934328404129907,0.6432319659900976,0.09183083765811736,15
0.11139330863952637,0.005162976057482081,0.0030475616455078124,0.0012429349138220803,0.9,0.05,3,300,1.0,"{'model__colsample_bytree': 0.9, 'model__learning_rate': 0.05, 'model__max_depth': 3, 'model__n_estimators': 300, 'model__subsample': 1.0}",-0.6768276437705943,-0.7377446078651202,-0.7122599032245085,-0.5062282579153129,-0.7438205416971142,-0.67537619089453,0.0878043128485593,15,0.6002031319087402,0.6860012797761417,0.6093749605287182,0.5112049137714141,0.7909464355409306,0.639546144305189,0.09381873182655603,22
0.23413290977478027,0.021392350340325803,0.0042418956756591795,0.0014051886246244422,0.9,0.05,3,600,0.8,"{'model__colsample_bytree': 0.9, 'model__learning_rate': 0.05, 'model__max_depth': 3, 'model__n_estimators': 600, 'model__subsample': 0.8}",-0.6951811832420447,-0.739077218904515,-0.7257457287181858,-0.5071350159432598,-0.7709496543143629,-0.6876177602244737,0.09346362799798609,33,0.60512300600899,0.6800852768695977,0.5973212601939879,0.505844470807916,0.7790199653426271,0.6334787958446237,0.09138526710743193,38
0.23473162651062013,0.010373163875697986,0.0044971942901611325,0.0019654954513214,0.9,0.05,3,600,1.0,"{'model__colsample_bytree': 0.9, 'model__learning_rate': 0.05, 'model__max_depth': 3, 'model__n_estimators': 600, 'model__subsample': 1.0}",-0.6928437267141356,-0.7525992412779695,-0.7241321869761188,-0.5159710482915366,-0.7856924242061818,-0.6942477254931885,0.0942811308819002,48,0.5875455899277731,0.6791435803561935,0.6016283241814935,0.5028231224895039,0.7710250308077282,0.6284331295525385,0.09063350648209707,52
0.35536847114562986,0.039758361673229325,0.004379558563232422,0.0011318943514308883,0.9,0.05,3,900,0.8,"{'model__colsample_bytree': 0.9, 'model__learning_rate': 0.05, 'model__max_depth': 3, 'model__n_estimators': 900, 'model__subsample': 0.8}",-0.7098284096187398,-0.7443562800752744,-0.7321791903017263,-0.513470293970841,-0.7867086873379574,-0.6973085722609078,0.09526288498785558,53,0.5928124065046981,0.6773566131923956,0.5937178938924959,0.49503265720785894,0.7710091243883046,0.6259857390371506,0.09269427433489144,61
0.3392813682556152,0.01459481905782484,0.004163551330566406,0.0006278403591828067,0.9,0.05,3,900,1.0,"{'model__colsample_bytree': 0.9, 'model__learning_rate': 0.05, 'model__max_depth': 3, 'model__n_estimators': 900, 'model__subsample': 1.0}",-0.7073349691898589,-0.7655522983959953,-0.7287387943164285,-0.5259842008868366,-0.800855820507094,-0.7056932166592427,0.09536053186542362,73,0.5721585868865906,0.6682041194343853,0.5967935964674387,0.48534474985971177,0.7622575524083116,0.6169517210112876,0.0932456569365356,87
0.3121379852294922,0.018286806373986726,0.004379415512084961,0.0018424433486115325,0.9,0.05,5,300,0.8,"{'model__colsample_bytree': 0.9, 'model__learning_rate': 0.05, 'model__max_depth': 5, 'model__n_estimators': 300, 'model__subsample': 0.8}",-0.6783121283235235,-0.7567987139884942,-0.7332491982219504,-0.5213047732542876,-0.7423041052605173,-0.6863937838097545,0.08671556107126407,30,0.6379183370831626,0.6643469132278051,0.5951457386165693,0.4956028516328188,0.7911260348968499,0.6368279750914411,0.0961751698086255,26
0.2927989482879639,0.015012621209976103,0.0028864383697509766,0.00010401846037809688,0.9,0.05,5,300,1.0,"{'model__colsample_bytree': 0.9, 'model__learning_rate': 0.05, 'model__max_depth': 5, 'model__n_estimators': 300, 'model__subsample': 1.0}",-0.6753733449531226,-0.753369859896314,-0.7280255046121188,-0.5205281518592985,-0.757323880808647,-0.6869241484259001,0.08818336022966865,31,0.6391869622200349,0.668314170268379,0.5940054739472578,0.4909607672616473,0.7853453276286506,0.6355625402651939,0.0960805408076592,32
0.5855539798736572,0.029847162359414096,0.005469179153442383,0.00251482818537465,0.9,0.05,5,600,0.8,"{'model__colsample_bytree': 0.9, 'model__learning_rate': 0.05, 'model__max_depth': 5, 'model__n_estimators': 600, 'model__subsample': 0.8}",-0.6897288242969913,-0.773560338995887,-0.746828047291266,-0.5367926114280872,-0.7747707262048626,-0.7043361096434188,0.08926678047750132,66,0.6272866443637403,0.6506991952587733,0.585736004425992,0.4675249605354691,0.7738534197337053,0.621020044863536,0.09907963174554431,71
0.5718639373779297,0.02449105925866191,0.005240488052368164,0.0020506299654810094,0.9,0.05,5,600,1.0,"{'model__colsample_bytree': 0.9, 'model__learning_rate': 0.05, 'model__max_depth': 5, 'model__n_estimators': 600, 'model__subsample': 1.0}",-0.6924854524785452,-0.7727151903871667,-0.7443465333977483,-0.5357007978044075,-0.7869087917796919,-0.706431353169512,0.09127007918770617,75,0.6252469141594585,0.6549168818191715,0.5835990191243021,0.4661420499630331,0.7705421298061584,0.6200893989744248,0.0989008714098643,76
0.9391415119171143,0.05880015799075075,0.010597753524780273,0.0034211477395630534,0.9,0.05,5,900,0.8,"{'model__colsample_bytree': 0.9, 'model__learning_rate': 0.05, 'model__max_depth': 5, 'model__n_estimators': 900, 'model__subsample': 0.8}",-0.6924079061461262,-0.783353235842163,-0.7555445325536534,-0.5459789647792751,-0.7888013291472608,-0.7132171936936957,0.09036070076548731,94,0.626663744519306,0.6443372228807611,0.5812818609482686,0.45294794708653885,0.7666964083849184,0.6143854367639585,0.10139468251755086,96
0.8755475997924804,0.024750463472239793,0.008237266540527343,0.002567228521789212,0.9,0.05,5,900,1.0,"{'model__colsample_bytree': 0.9, 'model__learning_rate': 0.05, 'model__max_depth': 5, 'model__n_estimators': 900, 'model__subsample': 1.0}",-0.7036488005613691,-0.7793280707552033,-0.7499387771439459,-0.5455771757417508,-0.8054897208279067,-0.7167965090060352,0.09204782919353023,103,0.6157270295059363,0.6507456018148206,0.5803021880766739,0.44901039355174077,0.7614204670452192,0.6114411359988782,0.10140058168173237,107
0.7549158096313476,0.027228763380759045,0.0057468414306640625,0.001964520180658146,0.9,0.05,7,300,0.8,"{'model__colsample_bytree': 0.9, 'model__learning_rate': 0.05, 'model__max_depth': 7, 'model__n_estimators': 300, 'model__subsample': 0.8}",-0.6771256651899108,-0.766899339856544,-0.7358705332609327,-0.5293924516827282,-0.81103338754936,-0.7040642755078951,0.09760963993291376,64,0.6376613139717744,0.653435994078105,0.5944794143332848,0.48677020896177636,0.7579201788912238,0.6260534220472328,0.08794330148116922,60
0.7673210144042969,0.05432684157873787,0.006443119049072266,0.0025555452330367507,0.9,0.05,7,300,1.0,"{'model__colsample_bytree': 0.9, 'model__learning_rate': 0.05, 'model__max_depth': 7, 'model__n_estimators': 300, 'model__subsample': 1.0}",-0.6872192912643595,-0.7894925218796367,-0.7556454265037743,-0.5325237190979575,-0.7802411009634656,-0.7090244119418386,0.0952348784564546,83,0.6205651494923797,0.6261952425637319,0.5789207877754468,0.4738858774326189,0.7733127415885271,0.6145759597705409,0.09636725023194789,94
1.5748911380767823,0.05355714741231115,0.009432792663574219,0.004003461219465693,0.9,0.05,7,600,0.8,"{'model__colsample_bytree': 0.9, 'model__learning_rate': 0.05, 'model__max_depth': 7, 'model__n_estimators': 600, 'model__subsample': 0.8}",-0.6812012442926503,-0.7736278982931678,-0.7405535058855357,-0.5400119926476812,-0.831917741913133,-0.7134624766064335,0.09951010924419043,95,0.6344405793917074,0.6488012175467643,0.5920252722594515,0.4700665473514817,0.7461341891114823,0.6182935611321774,0.08966151914324301,82
1.4743950843811036,0.07543011025431878,0.011429786682128906,0.005558192295495858,0.9,0.05,7,600,1.0,"{'model__colsample_bytree': 0.9, 'model__learning_rate': 0.05, 'model__max_depth': 7, 'model__n_estimators': 600, 'model__subsample': 1.0}",-0.6945619848320777,-0.798466162689909,-0.7628545155988579,-0.5420077862205022,-0.7976054634644438,-0.7190991825611581,0.09627078432789715,113,0.6154295629969209,0.6187231407025156,0.5741968537672348,0.4565419845303874,0.764407058750187,0.6058597201494491,0.09868397168311513,119
2.435017967224121,0.079476763676415,0.020342016220092775,0.0037855483357700755,0.9,0.05,7,900,0.8,"{'model__colsample_bytree': 0.9, 'model__learning_rate': 0.05, 'model__max_depth': 7, 'model__n_estimators': 900, 'model__subsample': 0.8}",-0.6832272592754943,-0.775130076807568,-0.7414469310021868,-0.542789903585696,-0.8396145348010895,-0.7164417410944068,0.10049803963586994,102,0.6328628064763387,0.6480673276557205,0.5916654905862779,0.465837789027837,0.7418077345534713,0.6160482296599291,0.0897564483930474,89
2.396032524108887,0.06036440836080199,0.013189220428466797,0.0019587256192901787,0.9,0.05,7,900,1.0,"{'model__colsample_bytree': 0.9, 'model__learning_rate': 0.05, 'model__max_depth': 7, 'model__n_estimators': 900, 'model__subsample': 1.0}",-0.6977427742062476,-0.8012691206128496,-0.7646808254382939,-0.5451440850342757,-0.8003147444358911,-0.7218303099455117,0.09602575615623882,121,0.6139669625192561,0.6167733718946626,0.5732079134563182,0.452720695385754,0.7628603879384901,0.6039058662388962,0.09933041681161486,125
0.14213018417358397,0.014765318193643627,0.003560638427734375,0.0012374117892005262,0.9,0.1,3,300,0.8,"{'model__colsample_bytree': 0.9, 'model__learning_rate': 0.1, 'model__max_depth': 3, 'model__n_estimators': 300, 'model__subsample': 0.8}",-0.7020566390085335,-0.7466808157342635,-0.732053043350782,-0.5179865642184039,-0.7445763216840028,-0.6886706767991972,0.08681577892138093,35,0.5975920354872727,0.6714813970398639,0.596810712448776,0.4926100432173792,0.7941868663174433,0.630536210902147,0.09970396276739389,46
0.1379077434539795,0.01732879930975304,0.0039861202239990234,0.0016654064788616,0.9,0.1,3,300,1.0,"{'model__colsample_bytree': 0.9, 'model__learning_rate': 0.1, 'model__max_depth': 3, 'model__n_estimators': 300, 'model__subsample': 1.0}",-0.6908096355753578,-0.7585074943987421,-0.7246262774542425,-0.5121857820459287,-0.8080708035104649,-0.6988399985969471,0.10105522674374778,56,0.5993146887401997,0.6667524085132636,0.6031338643112814,0.5028088021653616,0.7588148495413791,0.626164922654297,0.08451206337940392,59
0.31072230339050294,0.05626697652355718,0.0033415794372558595,0.0003347771982219159,0.9,0.1,3,600,0.8,"{'model__colsample_bytree': 0.9, 'model__learning_rate': 0.1, 'model__max_depth': 3, 'model__n_estimators': 600, 'model__subsample': 0.8}",-0.7268876139399999,-0.7633969345683068,-0.7401896024027073,-0.5374200278145609,-0.7798670362611683,-0.7095522429973486,0.08799100333885425,86,0.579620649587943,0.654725573769544,0.591478467046496,0.45790080816172085,0.7761760176406532,0.6119803032412714,0.10391857779583841,104
0.26520118713378904,0.04823341666051709,0.004736900329589844,0.001816720987330349,0.9,0.1,3,600,1.0,"{'model__colsample_bytree': 0.9, 'model__learning_rate': 0.1, 'model__max_depth': 3, 'model__n_estimators': 600, 'model__subsample': 1.0}",-0.7161236508640035,-0.779635051697595,-0.7390225169064779,-0.5300716560614135,-0.8373094170535647,-0.7204324585166109,0.10369817904082446,116,0.5764261680766934,0.6495851874870243,0.5912869290500716,0.47818338284882045,0.7391163593979055,0.6069196053721031,0.08607389726137214,116
0.37242751121520995,0.02578983880039348,0.004757308959960937,0.0009526810790583214,0.9,0.1,3,900,0.8,"{'model__colsample_bytree': 0.9, 'model__learning_rate': 0.1, 'model__max_depth': 3, 'model__n_estimators': 900, 'model__subsample': 0.8}",-0.7279356884455692,-0.7778983706082162,-0.7480367693543906,-0.553298633895336,-0.8049034098661318,-0.7224145744339288,0.08850993223994184,124,0.5798208350416121,0.6449159363850157,0.5851521208090775,0.4346133306391967,0.7620812609350447,0.6013166967619894,0.1060749891849793,137
0.37180156707763673,0.016031714044917798,0.0045224189758300785,0.0009637525141370533,0.9,0.1,3,900,1.0,"{'model__colsample_bytree': 0.9, 'model__learning_rate': 0.1, 'model__max_depth': 3, 'model__n_estimators': 900, 'model__subsample': 1.0}",-0.7374934295413882,-0.7981667191706538,-0.7493251245311959,-0.5381879262654868,-0.8589025682755869,-0.7364151535568624,0.1079613692850501,154,0.5586286132914171,0.6334244210758931,0.5850613671004083,0.46053921180237756,0.7272701130667951,0.5929847452673783,0.08769591831468275,156
0.32121872901916504,0.022006490847325675,0.005559062957763672,0.0033522915802768134,0.9,0.1,5,300,0.8,"{'model__colsample_bytree': 0.9, 'model__learning_rate': 0.1, 'model__max_depth': 5, 'model__n_estimators': 300, 'model__subsample': 0.8}",-0.6918076780088646,-0.7798491598039261,-0.7477188341235644,-0.5424592325056967,-0.7642230252599832,-0.7052115859404069,0.08663483923604748,71,0.6298116162139952,0.6450930151025687,0.5904380907103832,0.45684926006963755,0.7796240232415781,0.6203632010676325,0.10363123743456022,75
0.32831764221191406,0.045031537131887935,0.004735803604125977,0.002157410838817677,0.9,0.1,5,300,1.0,"{'model__colsample_bytree': 0.9, 'model__learning_rate': 0.1, 'model__max_depth': 5, 'model__n_estimators': 300, 'model__subsample': 1.0}",-0.7086738538671159,-0.7921331421393458,-0.7429342704175016,-0.540918885899403,-0.8416445401710617,-0.7252609384988855,0.10255389290728698,130,0.5996837881600772,0.6368922916947392,0.5868179739893392,0.450353068105951,0.7432115222099507,0.6033917288320115,0.09421372743162963,127
0.6299619197845459,0.023424414955242195,0.01075758934020996,0.002429490288756498,0.9,0.1,5,600,0.8,"{'model__colsample_bytree': 0.9, 'model__learning_rate': 0.1, 'model__max_depth': 5, 'model__n_estimators': 600, 'model__subsample': 0.8}",-0.7048582935209211,-0.7951873589151446,-0.7547023464008195,-0.5503993699566095,-0.7894402690284662,-0.7189175275643922,0.09018550770766591,112,0.6205407114542487,0.6365749107808778,0.584580561431376,0.43960249555658415,0.7667914263408815,0.6096180211127937,0.10495866966889207,113
0.598015546798706,0.010608803492118143,0.009198617935180665,0.0044950986581503176,0.9,0.1,5,600,1.0,"{'model__colsample_bytree': 0.9, 'model__learning_rate': 0.1, 'model__max_depth': 5, 'model__n_estimators': 600, 'model__subsample': 1.0}",-0.7247747117744568,-0.8005315641833841,-0.7548921378453146,-0.5512687450439773,-0.8709986044913688,-0.7404931526677003,0.10667385847698103,159,0.5866410633687893,0.6291339823250708,0.5790055286177889,0.4258714280933863,0.7250406041380681,0.5891385213086207,0.09678230373708419,157
0.954704761505127,0.06810754566691078,0.009589242935180663,0.002428417253674407,0.9,0.1,5,900,0.8,"{'model__colsample_bytree': 0.9, 'model__learning_rate': 0.1, 'model__max_depth': 5, 'model__n_estimators': 900, 'model__subsample': 0.8}",-0.7076769268559535,-0.7988219269392627,-0.7588039112990242,-0.5575763350646668,-0.7979267803686649,-0.7241611761055144,0.08970836184769015,126,0.61745916813242,0.6338576053173731,0.5825430360031556,0.429696434617971,0.7621021804295458,0.6051316849000932,0.10668144722862084,123
0.882352066040039,0.017984922795174444,0.009921884536743164,0.005315349553764205,0.9,0.1,5,900,1.0,"{'model__colsample_bytree': 0.9, 'model__learning_rate': 0.1, 'model__max_depth': 5, 'model__n_estimators': 900, 'model__subsample': 1.0}",-0.7276694395278525,-0.8058986268803394,-0.7587141583393076,-0.5549040735768157,-0.8794304074374734,-0.7453233411523577,0.1080782514293555,161,0.5842534182113193,0.6249764694331521,0.5768319107728738,0.4164673454386487,0.7207010392117041,0.5846460366135396,0.0984711068492344,161
0.8017539501190185,0.03545636542455074,0.007307672500610351,0.003186550032550419,0.9,0.1,7,300,0.8,"{'model__colsample_bytree': 0.9, 'model__learning_rate': 0.1, 'model__max_depth': 7, 'model__n_estimators': 300, 'model__subsample': 0.8}",-0.7183779847895961,-0.7756767271654376,-0.7561088414010795,-0.5519457672178875,-0.8475133218377235,-0.7299245284823449,0.09840301660276135,141,0.5976607105567876,0.6508743125261424,0.580716532218536,0.4456298203490654,0.7395684976934718,0.6028899746688007,0.09615953226355502,128
0.7677403450012207,0.026107140954103526,0.004619884490966797,0.0011961851394926423,0.9,0.1,7,300,1.0,"{'model__colsample_bytree': 0.9, 'model__learning_rate': 0.1, 'model__max_depth': 7, 'model__n_estimators': 300, 'model__subsample': 1.0}",-0.7173697815015202,-0.7957427959519017,-0.7490065676940836,-0.5569200666058878,-0.8246271468694684,-0.7287332717245724,0.09353697078711704,136,0.6020754551503673,0.6272135074329848,0.5809321597128766,0.4443538045257397,0.7470241234836684,0.6003198100611273,0.09690179017281177,139
1.5998003005981445,0.04414282669952134,0.008816862106323242,0.0019433375537087642,0.9,0.1,7,600,0.8,"{'model__colsample_bytree': 0.9, 'model__learning_rate': 0.1, 'model__max_depth': 7, 'model__n_estimators': 600, 'model__subsample': 0.8}",-0.7221372486194636,-0.7785615296533834,-0.7579085660554233,-0.5550851141593468,-0.853195944700659,-0.7333776806376553,0.09890838945984824,148,0.5949001685379691,0.6487904825108893,0.5794949823298636,0.43992560934453084,0.7365628054052413,0.5999348096256989,0.09705685378084762,142
1.540539312362671,0.03962079899404322,0.009600257873535157,0.003043323359750255,0.9,0.1,7,600,1.0,"{'model__colsample_bytree': 0.9, 'model__learning_rate': 0.1, 'model__max_depth': 7, 'model__n_estimators': 600, 'model__subsample': 1.0}",-0.7187424566194154,-0.7970050355271672,-0.7521647862471733,-0.5592526474834559,-0.8305294753892143,-0.7315388802532853,0.09418776764486503,143,0.6004107993597907,0.6264106304836572,0.5783354737808059,0.4402973811579597,0.7438751424633003,0.5978658854491028,0.09731315709010745,148
2.3453230381011965,0.07021273811223487,0.01418447494506836,0.0031559997444487085,0.9,0.1,7,900,0.8,"{'model__colsample_bytree': 0.9, 'model__learning_rate': 0.1, 'model__max_depth': 7, 'model__n_estimators': 900, 'model__subsample': 0.8}",-0.7223859155528018,-0.7788145958015935,-0.7579457761613393,-0.5549549125282939,-0.8536351188675008,-0.7335472637823058,0.09908109336715425,150,0.5947522388633251,0.6486650049314525,0.5794955141392573,0.4399913147407922,0.7362995667290183,0.5998407278807691,0.09694996653243136,143
2.2118034839630125,0.038439021605454995,0.014207983016967773,0.0046215565045379,0.9,0.1,7,900,1.0,"{'model__colsample_bytree': 0.9, 'model__learning_rate': 0.1, 'model__max_depth': 7, 'model__n_estimators': 900, 'model__subsample': 1.0}",-0.7183919964540882,-0.7973425082719395,-0.7520617560392878,-0.5596265629936448,-0.8312465753471411,-0.7317338798212203,0.09425436393814966,144,0.6006368691274087,0.6260615164372865,0.5782778970218285,0.43971371587139296,0.7434648443274549,0.5976309685570743,0.09736246801191949,151
0.14162006378173828,0.013629128383367209,0.0052487850189208984,0.003446537163628016,1.0,0.03,3,300,0.8,"{'model__colsample_bytree': 1.0, 'model__learning_rate': 0.03, 'model__max_depth': 3, 'model__n_estimators': 300, 'model__subsample': 0.8}",-0.6655698108221866,-0.7244795219389889,-0.7146037528583679,-0.4968450210476153,-0.7195783561336283,-0.6642152925601573,0.08631394509347046,4,0.635003687254173,0.691048302643839,0.6068885093733585,0.5203329556456282,0.8043861942751707,0.6515319298384339,0.09423943813412916,3
0.1534722328186035,0.006629810060628942,0.003962802886962891,0.0015256254417785147,1.0,0.03,3,300,1.0,"{'model__colsample_bytree': 1.0, 'model__learning_rate': 0.03, 'model__max_depth': 3, 'model__n_estimators': 300, 'model__subsample': 1.0}",-0.6696331089357151,-0.7341783513858275,-0.7111756929102374,-0.5078789287025043,-0.7280771183250383,-0.6701886400518646,0.08422641935703587,6,0.614391471867489,0.6846568542714192,0.6086842267823641,0.5084702233878342,0.799439610089252,0.6431284772796718,0.0962318487293709,16
0.26188268661499026,0.01015742591607397,0.0036104679107666015,0.0008242536774228905,1.0,0.03,3,600,0.8,"{'model__colsample_bytree': 1.0, 'model__learning_rate': 0.03, 'model__max_depth': 3, 'model__n_estimators': 600, 'model__subsample': 0.8}",-0.6769406180663352,-0.7302520678546499,-0.7189027225593353,-0.5004319600184679,-0.7378298022305867,-0.6728714341458749,0.0887501399628957,10,0.627513608182068,0.6870137694754819,0.6026774964691957,0.5158010514069256,0.7957569481392228,0.6457525747345787,0.09303689474140536,10
0.24150004386901855,0.015307765089573976,0.003737211227416992,0.0011110764195231403,1.0,0.03,3,600,1.0,"{'model__colsample_bytree': 1.0, 'model__learning_rate': 0.03, 'model__max_depth': 3, 'model__n_estimators': 600, 'model__subsample': 1.0}",-0.6852348075739884,-0.7444744280936363,-0.713974888546568,-0.5065445046951268,-0.7611075301088847,-0.6822672318036409,0.0916277105810848,23,0.5946171570626754,0.6783987860385114,0.6075807640144448,0.5086856448956374,0.783719886730517,0.6346004477483572,0.09201974346835415,36
0.37280845642089844,0.029840918473112748,0.005697774887084961,0.0013346263733423943,1.0,0.03,3,900,0.8,"{'model__colsample_bytree': 1.0, 'model__learning_rate': 0.03, 'model__max_depth': 3, 'model__n_estimators': 900, 'model__subsample': 0.8}",-0.6869950097500046,-0.7356765030503086,-0.7251125680091478,-0.5044328137089119,-0.7616949872861246,-0.6827823763608996,0.09235057845457699,25,0.6183370831848811,0.6826424569023902,0.598099526959813,0.5136515611381616,0.785443500936941,0.6396348258244374,0.09073079294630639,21
0.36081600189208984,0.01238340453350574,0.004938173294067383,0.0021187618086453727,1.0,0.03,3,900,1.0,"{'model__colsample_bytree': 1.0, 'model__learning_rate': 0.03, 'model__max_depth': 3, 'model__n_estimators': 900, 'model__subsample': 1.0}",-0.6968425648387617,-0.7555622497965118,-0.7189296793907411,-0.5101423431485059,-0.7803009398003837,-0.692355555394981,0.09555882888823214,44,0.5807775257482864,0.6716610740402456,0.6041298210008634,0.5056484964386888,0.7737314872723925,0.6271896809000953,0.09045475181257319,56
0.3284296989440918,0.016393583677155977,0.0029129981994628906,7.892252792810224e-05,1.0,0.03,5,300,0.8,"{'model__colsample_bytree': 1.0, 'model__learning_rate': 0.03, 'model__max_depth': 5, 'model__n_estimators': 300, 'model__subsample': 0.8}",-0.6671541775285065,-0.7360380355556463,-0.7224866551159158,-0.5100680802274925,-0.7373241320650618,-0.6746142160985246,0.08617223750171442,14,0.6497356580637845,0.680653015677167,0.6045659256614205,0.5078214974551318,0.7958916245442887,0.6477335442803585,0.09431578971539682,5
0.3151151180267334,0.014539880472522504,0.0038184642791748045,0.0013366956159248336,1.0,0.03,5,300,1.0,"{'model__colsample_bytree': 1.0, 'model__learning_rate': 0.03, 'model__max_depth': 5, 'model__n_estimators': 300, 'model__subsample': 1.0}",-0.6782758691833298,-0.7510043445897199,-0.7252174593098926,-0.5198726966089766,-0.751194264006937,-0.6851129267397712,0.08679616883672853,27,0.6376986555985626,0.6662435927096155,0.5969919738023779,0.48965846990914996,0.7900631700107108,0.6361311724060834,0.09756065209985199,28
0.6464458465576172,0.01885950341332711,0.004125547409057617,7.722751332216795e-05,1.0,0.03,5,600,0.8,"{'model__colsample_bytree': 1.0, 'model__learning_rate': 0.03, 'model__max_depth': 5, 'model__n_estimators': 600, 'model__subsample': 0.8}",-0.6779978986142701,-0.7467963283761846,-0.731118087834184,-0.5245016255790238,-0.7714458022426486,-0.6903719485292622,0.08841154835452272,38,0.6380651404904827,0.6738901654570164,0.5980988928778441,0.48805563487108994,0.7794989420488591,0.6355217551490584,0.0952415469388664,34
0.6080358505249024,0.02571902946999218,0.004669189453125,0.0009653550190624855,1.0,0.03,5,600,1.0,"{'model__colsample_bytree': 1.0, 'model__learning_rate': 0.03, 'model__max_depth': 5, 'model__n_estimators': 600, 'model__subsample': 1.0}",-0.6810165907287374,-0.7704193327851707,-0.7408605307065095,-0.5311804371055331,-0.7915704529641454,-0.7030094688580192,0.09362557704493701,63,0.6326169280220689,0.6502704136449678,0.588163323727846,0.47338943252698484,0.7706811303285298,0.6230242456500795,0.09616942340899445,65
1.022816801071167,0.04930096265865909,0.008903789520263671,0.0038951566240064007,1.0,0.03,5,900,0.8,"{'model__colsample_bytree': 1.0, 'model__learning_rate': 0.03, 'model__max_depth': 5, 'model__n_estimators': 900, 'model__subsample': 0.8}",-0.6859396515177046,-0.7547255464406576,-0.7375752950975178,-0.5357737078268686,-0.7861284250733406,-0.7000285251912179,0.08830952181101853,60,0.6324756744508471,0.6683143363149873,0.5937736169846726,0.47135772192471315,0.771871231707794,0.6275585162766028,0.09803211996377809,53
0.9401442527770996,0.04169560862133704,0.010752153396606446,0.006139075198837953,1.0,0.03,5,900,1.0,"{'model__colsample_bytree': 1.0, 'model__learning_rate': 0.03, 'model__max_depth': 5, 'model__n_estimators': 900, 'model__subsample': 1.0}",-0.6935732006685633,-0.7800768336400574,-0.7517156940272693,-0.5396263936269757,-0.8209132052117759,-0.7171810654349284,0.09797128948060697,105,0.6231143927724729,0.6414648058152996,0.5791537119434098,0.4605840138601417,0.7560507337032449,0.6120735316189138,0.09565351101991464,103
0.7657914638519288,0.09757710594630194,0.0065234661102294925,0.0031827486507744313,1.0,0.03,7,300,0.8,"{'model__colsample_bytree': 1.0, 'model__learning_rate': 0.03, 'model__max_depth': 7, 'model__n_estimators': 300, 'model__subsample': 0.8}",-0.6827709908150896,-0.7652511922474935,-0.7363746394462012,-0.5172427215416961,-0.7798336209418932,-0.6962946329984747,0.09548052406763818,52,0.6316469011626908,0.653313787160062,0.5978325502658659,0.4942194831737988,0.7737383479408746,0.6301502139406584,0.09019749262014413,47
0.8048542022705079,0.09053875887773002,0.0055220603942871095,0.0022979345738259644,1.0,0.03,7,300,1.0,"{'model__colsample_bytree': 1.0, 'model__learning_rate': 0.03, 'model__max_depth': 7, 'model__n_estimators': 300, 'model__subsample': 1.0}",-0.7015344791282375,-0.7854162055886398,-0.7404104501318965,-0.5388748610055663,-0.767025195584458,-0.7066522382877596,0.08850278320046555,77,0.6159960117522859,0.6316741937687071,0.5923203315753736,0.4523562518320331,0.7802441568178582,0.6145181891492516,0.10445175691120617,95
1.6417147636413574,0.0848848399195679,0.010030984878540039,0.0063548135446144524,1.0,0.03,7,600,0.8,"{'model__colsample_bytree': 1.0, 'model__learning_rate': 0.03, 'model__max_depth': 7, 'model__n_estimators': 600, 'model__subsample': 0.8}",-0.6861029856468095,-0.7745733376731055,-0.7445071342279977,-0.5270236837299606,-0.8009860571944561,-0.7066386396944659,0.09760515022261766,76,0.6297166714771554,0.6465917894422071,0.593579830716189,0.4805378989611866,0.7623954105538095,0.6225643202301094,0.09076652929032188,67
1.61786789894104,0.06816490854206685,0.006305408477783203,0.0003445222682219531,1.0,0.03,7,600,1.0,"{'model__colsample_bytree': 1.0, 'model__learning_rate': 0.03, 'model__max_depth': 7, 'model__n_estimators': 600, 'model__subsample': 1.0}",-0.7102691102823832,-0.7980586910248327,-0.7534489424416361,-0.5454124891901555,-0.7898255920360816,-0.7194029649950179,0.0923702454144749,114,0.6085975477324495,0.6225169541642921,0.5855045855072132,0.4414390583254165,0.769501315406391,0.6055118922271525,0.10441399471601022,121
2.4579834938049316,0.06316555872094858,0.01173539161682129,0.003409587515345373,1.0,0.03,7,900,0.8,"{'model__colsample_bytree': 1.0, 'model__learning_rate': 0.03, 'model__max_depth': 7, 'model__n_estimators': 900, 'model__subsample': 0.8}",-0.6889001596792689,-0.7785721393719218,-0.7475323132686273,-0.5323615026007216,-0.8097458779042817,-0.7114223985649644,0.09803119496127573,89,0.6277625919205645,0.6441633869213228,0.591668846264753,0.47237919935490813,0.7577975206346667,0.618754309019243,0.09189023900161171,81
2.388327169418335,0.07395305021782796,0.015520811080932617,0.005287972455391975,1.0,0.03,7,900,1.0,"{'model__colsample_bytree': 1.0, 'model__learning_rate': 0.03, 'model__max_depth': 7, 'model__n_estimators': 900, 'model__subsample': 1.0}",-0.7145814896504435,-0.8023046936421674,-0.7587765720439622,-0.550962471017024,-0.7958430038711004,-0.7244936460449395,0.09223006945285911,128,0.6054257195996555,0.6203137848382059,0.5817975909333615,0.435541955473134,0.7660454008058936,0.60182489033005,0.10523714971269717,134
0.13312311172485353,0.01166022050840518,0.003930091857910156,0.0019301982261358509,1.0,0.05,3,300,0.8,"{'model__colsample_bytree': 1.0, 'model__learning_rate': 0.05, 'model__max_depth': 3, 'model__n_estimators': 300, 'model__subsample': 0.8}",-0.6813659830151153,-0.7257152368463863,-0.7230245361629667,-0.5070945103850076,-0.7519332191756785,-0.6778266971170309,0.08830621680768351,19,0.6253003977281869,0.6893255091958899,0.5994991435908882,0.5077124382617111,0.7904655957868273,0.6424606169127006,0.09423271710233762,17
0.12659196853637694,0.011786978204298748,0.0029493331909179687,0.0011452329333243112,1.0,0.05,3,300,1.0,"{'model__colsample_bytree': 1.0, 'model__learning_rate': 0.05, 'model__max_depth': 3, 'model__n_estimators': 300, 'model__subsample': 1.0}",-0.6827247349578688,-0.7410169368750258,-0.7122593717417582,-0.5091758908220689,-0.7365880758299921,-0.6763530020453427,0.086125189652671,17,0.5947560981313227,0.6801720252702266,0.6074375083162902,0.5088008218181049,0.7962390281973668,0.6374810963466622,0.09624266418263173,24
0.25517868995666504,0.024666303034072568,0.003075313568115234,8.357166712570256e-05,1.0,0.05,3,600,0.8,"{'model__colsample_bytree': 1.0, 'model__learning_rate': 0.05, 'model__max_depth': 3, 'model__n_estimators': 600, 'model__subsample': 0.8}",-0.6862117353709396,-0.7307645282688892,-0.7328084709843762,-0.5163569199335639,-0.7877134262190408,-0.690771016155362,0.09295754244897889,40,0.6209321138702331,0.6898996408659086,0.5920872200835285,0.49344728434819596,0.7718601358367854,0.6336452790009304,0.09360777148534472,37
0.2692230224609375,0.005656670582062357,0.006006193161010742,0.0016756954899143823,1.0,0.05,3,600,1.0,"{'model__colsample_bytree': 1.0, 'model__learning_rate': 0.05, 'model__max_depth': 3, 'model__n_estimators': 600, 'model__subsample': 1.0}",-0.7016594081050136,-0.7504603966060598,-0.7214850771686881,-0.5135353798508945,-0.7829630923385946,-0.6940206708138501,0.09432261783050233,47,0.5758100906528492,0.674643454527929,0.6050059960534858,0.5068510542546066,0.7740794880188542,0.6272780167015449,0.0910404308877212,54
0.37432518005371096,0.020689285448401606,0.005571985244750976,0.0018029676704828749,1.0,0.05,3,900,0.8,"{'model__colsample_bytree': 1.0, 'model__learning_rate': 0.05, 'model__max_depth': 3, 'model__n_estimators': 900, 'model__subsample': 0.8}",-0.6977628277718952,-0.7406509618652912,-0.7391030381922313,-0.5205477196525445,-0.7968879846487652,-0.6989905064261455,0.0946275439191333,57,0.6084335904389613,0.6846016513271866,0.5893212335037223,0.48706240901408215,0.7662712680600614,0.6271380304688028,0.09387360806982542,57
0.3556702136993408,0.019433079962963895,0.005075979232788086,0.0017973547326994562,1.0,0.05,3,900,1.0,"{'model__colsample_bytree': 1.0, 'model__learning_rate': 0.05, 'model__max_depth': 3, 'model__n_estimators': 900, 'model__subsample': 1.0}",-0.7062694205085268,-0.7642778255560456,-0.7329748821646986,-0.5221846989319849,-0.7992463689535171,-0.7049906392229547,0.09654209236452246,68,0.5688287362879989,0.6650400805887529,0.594604657390819,0.49289058666311947,0.7644243071514978,0.6171576736164376,0.09194217734450803,86
0.32283649444580076,0.03131959689969155,0.00460963249206543,0.00217618605304472,1.0,0.05,5,300,0.8,"{'model__colsample_bytree': 1.0, 'model__learning_rate': 0.05, 'model__max_depth': 5, 'model__n_estimators': 300, 'model__subsample': 0.8}",-0.6814011098580476,-0.7610819433635055,-0.7291690651438817,-0.5160983151504877,-0.7607894886647679,-0.689707984436138,0.09155689005391386,37,0.6412262673077596,0.6547326936061304,0.604036877595781,0.5029837605227304,0.7832935950441452,0.6372546388153093,0.09031137401950982,25
0.30788569450378417,0.015427009839630875,0.0030202865600585938,0.000262054492545176,1.0,0.05,5,300,1.0,"{'model__colsample_bytree': 1.0, 'model__learning_rate': 0.05, 'model__max_depth': 5, 'model__n_estimators': 300, 'model__subsample': 1.0}",-0.6870398972735956,-0.7650358910615807,-0.7430663106940845,-0.522885946753283,-0.8111580749780937,-0.7058372241521276,0.09980729238583486,74,0.6301450412406031,0.6561272114105969,0.5826107822909856,0.48449942285150605,0.7596361776051379,0.622603727079766,0.0901452410249045,66
0.6521914005279541,0.023885610946158015,0.007676315307617187,0.002073879223436652,1.0,0.05,5,600,0.8,"{'model__colsample_bytree': 1.0, 'model__learning_rate': 0.05, 'model__max_depth': 5, 'model__n_estimators': 600, 'model__subsample': 0.8}",-0.6989808971293459,-0.7731561063431358,-0.7435561005543473,-0.5288650945480465,-0.7948557907019765,-0.7078827978553703,0.09510422992175759,80,0.6307545779528061,0.6475575433928051,0.5929640929733774,0.4760507087448823,0.764736982625107,0.6224127811377956,0.09300226281302862,68
0.620488166809082,0.033691615224977656,0.00745997428894043,0.002945650202190154,1.0,0.05,5,600,1.0,"{'model__colsample_bytree': 1.0, 'model__learning_rate': 0.05, 'model__max_depth': 5, 'model__n_estimators': 600, 'model__subsample': 1.0}",-0.7116986245736385,-0.78179222534433,-0.7570557351722297,-0.5352799212585174,-0.8505889266679726,-0.7272830866033376,0.10599063917377076,133,0.6131591384378102,0.6434750798374793,0.5740098605804581,0.4658802317848778,0.737104452561654,0.6067257526404559,0.08865472038617438,117
0.9889578819274902,0.025073746520535067,0.009011173248291015,0.003983887648079009,1.0,0.05,5,900,0.8,"{'model__colsample_bytree': 1.0, 'model__learning_rate': 0.05, 'model__max_depth': 5, 'model__n_estimators': 900, 'model__subsample': 0.8}",-0.7053324335553758,-0.7799197651714721,-0.7489965542873094,-0.5388447207761355,-0.80823505997604,-0.7162657067532665,0.09505709041785086,101,0.6264987505728703,0.6428477286495841,0.5893783370501156,0.46094226958582485,0.7575236221754318,0.6154381416067652,0.09550915579778665,91
0.9281580448150635,0.0697458221001601,0.009282636642456054,0.003577025880323312,1.0,0.05,5,900,1.0,"{'model__colsample_bytree': 1.0, 'model__learning_rate': 0.05, 'model__max_depth': 5, 'model__n_estimators': 900, 'model__subsample': 1.0}",-0.7209561419005862,-0.7887608515817502,-0.7650775467497452,-0.5435813341979442,-0.864241955325477,-0.7365235659511006,0.10707483392408275,155,0.606317308973447,0.6362453031066571,0.5702371964640967,0.4528357654461854,0.7286995619551554,0.5988670271891083,0.08994879199476127,146
0.819732666015625,0.0334664361217724,0.005935955047607422,0.001987445900137669,1.0,0.05,7,300,0.8,"{'model__colsample_bytree': 1.0, 'model__learning_rate': 0.05, 'model__max_depth': 7, 'model__n_estimators': 300, 'model__subsample': 0.8}",-0.6925094562475262,-0.7735130960139781,-0.7581020695848181,-0.5350479730786408,-0.7864784827175224,-0.7091302155284971,0.09285152556841778,84,0.6292606228078711,0.6422200524904482,0.5815779112433482,0.4787673926255348,0.7703920615943372,0.6204436081523079,0.0944660620617931,74
0.8198259830474853,0.03553860742211471,0.005026865005493164,0.0011942267146001198,1.0,0.05,7,300,1.0,"{'model__colsample_bytree': 1.0, 'model__learning_rate': 0.05, 'model__max_depth': 7, 'model__n_estimators': 300, 'model__subsample': 1.0}",-0.7054954269230829,-0.7848703885328747,-0.7476858106629377,-0.5351014881442094,-0.7876436628170865,-0.7121593554160384,0.09342462237435199,91,0.6127416905341466,0.6248767994719682,0.588900910050966,0.46100595048652027,0.7699314663570621,0.6114913633801325,0.09842782891446802,106
1.7051049709320067,0.0856449487489723,0.007860231399536132,0.0010085756582998444,1.0,0.05,7,600,0.8,"{'model__colsample_bytree': 1.0, 'model__learning_rate': 0.05, 'model__max_depth': 7, 'model__n_estimators': 600, 'model__subsample': 0.8}",-0.6984511061926393,-0.7824107659163538,-0.7609907072832082,-0.5454869416338336,-0.80276144885236,-0.718020193975679,0.09308529788011595,109,0.6255561262522104,0.6369955538580906,0.5797768407725066,0.46285127487410604,0.7615876240403857,0.6133534839594599,0.09639452073725316,100
1.6211262226104737,0.08443336787951312,0.011986017227172852,0.005031839008982535,1.0,0.05,7,600,1.0,"{'model__colsample_bytree': 1.0, 'model__learning_rate': 0.05, 'model__max_depth': 7, 'model__n_estimators': 600, 'model__subsample': 1.0}",-0.7088463411924465,-0.7883327964359516,-0.7524066191366396,-0.5432277850845668,-0.7976828159355048,-0.718099271557022,0.09285357952403087,111,0.611291467920594,0.6232354080410609,0.5861414395479847,0.44741555981928693,0.7639650900314933,0.606409793072084,0.10081723665187534,118
2.452256202697754,0.07069813002362982,0.016011857986450197,0.006458006413266617,1.0,0.05,7,900,0.8,"{'model__colsample_bytree': 1.0, 'model__learning_rate': 0.05, 'model__max_depth': 7, 'model__n_estimators': 900, 'model__subsample': 0.8}",-0.6998385257083086,-0.7845872604134955,-0.7622393680677357,-0.5481821829598834,-0.80770909374294,-0.7205112861784726,0.09335427550782469,117,0.6242560803917307,0.6355522196227679,0.5795224116429316,0.45938166462951135,0.7588580536275062,0.6115140859828896,0.09655897259765886,105
2.327797794342041,0.07622269386931886,0.01175079345703125,0.003188814480680356,1.0,0.05,7,900,1.0,"{'model__colsample_bytree': 1.0, 'model__learning_rate': 0.05, 'model__max_depth': 7, 'model__n_estimators': 900, 'model__subsample': 1.0}",-0.7102404462472516,-0.7896953408430616,-0.7545985707608057,-0.5461925688639331,-0.7997796236924658,-0.7201013100815036,0.09243755803713209,115,0.6104796491682738,0.6220927385352067,0.5846516751843915,0.4430796087888934,0.762799388082809,0.604620611951915,0.10183750083466643,124
0.13757214546203614,0.014084695277244765,0.0031767368316650392,0.0011475966231767993,1.0,0.1,3,300,0.8,"{'model__colsample_bytree': 1.0, 'model__learning_rate': 0.1, 'model__max_depth': 3, 'model__n_estimators': 300, 'model__subsample': 0.8}",-0.6897918652849634,-0.7425472215953044,-0.7322819278604584,-0.5186100061816031,-0.751472744830609,-0.6869407531505877,0.08678208181726654,32,0.594724791592301,0.6733803939537741,0.599467060845995,0.4880834834885036,0.7895436258549673,0.6290398711471082,0.09964769566207766,50
0.11892404556274414,0.0031860468709105035,0.003334188461303711,0.0015539230489019262,1.0,0.1,3,300,1.0,"{'model__colsample_bytree': 1.0, 'model__learning_rate': 0.1, 'model__max_depth': 3, 'model__n_estimators': 300, 'model__subsample': 1.0}",-0.7228244199950756,-0.7507624413672821,-0.7287778600053354,-0.5125527604135021,-0.798249008261286,-0.7026332980084963,0.09867178805421689,62,0.5363939194116841,0.6765063256727285,0.5930776883614507,0.502827200995593,0.7660689430826885,0.6149748155048289,0.09575707909089949,93
0.25416293144226076,0.016222641870659447,0.004148101806640625,0.0018224267702058896,1.0,0.1,3,600,0.8,"{'model__colsample_bytree': 1.0, 'model__learning_rate': 0.1, 'model__max_depth': 3, 'model__n_estimators': 600, 'model__subsample': 0.8}",-0.7088032956745652,-0.7613959270123308,-0.7502621645868273,-0.5388621205106116,-0.7920118420152944,-0.710267069959926,0.08975274336416096,87,0.5827342196771532,0.6610606040857023,0.5839750331093636,0.45740555401572647,0.7670518479806315,0.6104454517737155,0.10195809210733059,111
0.24517445564270018,0.00951986726634838,0.0034569740295410157,0.0006415615038719611,1.0,0.1,3,600,1.0,"{'model__colsample_bytree': 1.0, 'model__learning_rate': 0.1, 'model__max_depth': 3, 'model__n_estimators': 600, 'model__subsample': 1.0}",-0.739674622823549,-0.7736078075570557,-0.7461010180218943,-0.5243806282514377,-0.8267097833592129,-0.7220947720026298,0.10351244087090192,122,0.5284031283961238,0.6578022261401559,0.5797224897258638,0.48088631494804335,0.7528733509516514,0.5999375020323676,0.09637084482456411,141
0.3853294849395752,0.012294670763362209,0.0038012027740478515,4.560258781463911e-05,1.0,0.1,3,900,0.8,"{'model__colsample_bytree': 1.0, 'model__learning_rate': 0.1, 'model__max_depth': 3, 'model__n_estimators': 900, 'model__subsample': 0.8}",-0.7238224879247197,-0.7771786208227186,-0.7608113013563159,-0.5476856166012599,-0.8121987016802938,-0.7243393456770615,0.09278821705864763,127,0.5709723491122374,0.6477398409594961,0.5739277388724169,0.44030842575898266,0.7553776879239993,0.5976652085254265,0.10336133538537325,150
0.3537411689758301,0.024122977654523682,0.004993438720703125,0.0025406827824969746,1.0,0.1,3,900,1.0,"{'model__colsample_bytree': 1.0, 'model__learning_rate': 0.1, 'model__max_depth': 3, 'model__n_estimators': 900, 'model__subsample': 1.0}",-0.7582562336838156,-0.7847827547279288,-0.7559529414407702,-0.5358323286018016,-0.8506519080872443,-0.7370952333083121,0.10628205491972531,157,0.5140256722381158,0.6471556100452336,0.5733996173774261,0.459226471210638,0.7396348153496083,0.5866884372442043,0.09874400893121008,160
0.32772216796875,0.01278493253982669,0.004021930694580078,0.002172311265446323,1.0,0.1,5,300,0.8,"{'model__colsample_bytree': 1.0, 'model__learning_rate': 0.1, 'model__max_depth': 5, 'model__n_estimators': 300, 'model__subsample': 0.8}",-0.6996211372863057,-0.7779259597609915,-0.7551775882919632,-0.5316795641108853,-0.8158572196444988,-0.7160522938189289,0.09958257758137612,98,0.6149126689771928,0.6468126574298263,0.5806013335500928,0.4691755069655178,0.7552877779555689,0.6133579889756396,0.09287333682434495,99
0.29666695594787595,0.023801425063453608,0.0040894031524658205,0.0013350334326021525,1.0,0.1,5,300,1.0,"{'model__colsample_bytree': 1.0, 'model__learning_rate': 0.1, 'model__max_depth': 5, 'model__n_estimators': 300, 'model__subsample': 1.0}",-0.7247970193559862,-0.7856987339510245,-0.7477664803810609,-0.5491316716323208,-0.8192972212034846,-0.7253382253047754,0.09383363256433924,131,0.59416659627663,0.6383016192496651,0.5809269491142826,0.43930224778341675,0.7554021380072797,0.6016199100862549,0.10180893421256659,135
0.6772825241088867,0.0262983489004863,0.008094596862792968,0.002926921619200122,1.0,0.1,5,600,0.8,"{'model__colsample_bytree': 1.0, 'model__learning_rate': 0.1, 'model__max_depth': 5, 'model__n_estimators': 600, 'model__subsample': 0.8}",-0.7107484109372817,-0.7849022873345595,-0.7672428693983541,-0.547835060049922,-0.8379157133025887,-0.7297288682045412,0.09960061758784299,139,0.6035457655190499,0.640363295838966,0.5738073891605266,0.44043393880897597,0.7431333673932656,0.6002567513441568,0.09826085701415148,140
0.6713058948516846,0.01939116799079534,0.0109771728515625,0.00361964907568637,1.0,0.1,5,600,1.0,"{'model__colsample_bytree': 1.0, 'model__learning_rate': 0.1, 'model__max_depth': 5, 'model__n_estimators': 600, 'model__subsample': 1.0}",-0.7373787458667928,-0.798814781555561,-0.7605226064007847,-0.563484774229448,-0.8408669831211701,-0.7402135782347512,0.09509865615309643,158,0.5844995763339963,0.6259685823160249,0.5731191296453335,0.4115525896408373,0.7439036154390005,0.5878086986750385,0.10687820120105365,159
0.9904319763183593,0.04540305327891685,0.008001232147216797,0.0030460168908680316,1.0,0.1,5,900,0.8,"{'model__colsample_bytree': 1.0, 'model__learning_rate': 0.1, 'model__max_depth': 5, 'model__n_estimators': 900, 'model__subsample': 0.8}",-0.7135159981410693,-0.7908929167506705,-0.7715973880328689,-0.5520999020835318,-0.846436072956396,-0.7349084555929073,0.10079221354996112,152,0.6022952102466951,0.6360484219215597,0.5716694451140065,0.43378362105663515,0.7375527359317073,0.5962698868541209,0.09857631371094841,152
0.9708631038665771,0.027865871712560122,0.00922379493713379,0.0020600094749195683,1.0,0.1,5,900,1.0,"{'model__colsample_bytree': 1.0, 'model__learning_rate': 0.1, 'model__max_depth': 5, 'model__n_estimators': 900, 'model__subsample': 1.0}",-0.7412792109184754,-0.8016919922035232,-0.7651435739299587,-0.5694045723061432,-0.851005819783829,-0.7457050338283858,0.09560553594180574,162,0.5811996031727424,0.6228190684542618,0.5691354635393722,0.4037088182000528,0.7381801081741007,0.583008612308106,0.1077099981300315,162
0.8266607284545898,0.060099658093499965,0.004749679565429687,0.001550453538046297,1.0,0.1,7,300,0.8,"{'model__colsample_bytree': 1.0, 'model__learning_rate': 0.1, 'model__max_depth': 7, 'model__n_estimators': 300, 'model__subsample': 0.8}",-0.7085442998440943,-0.7885283882424388,-0.7614786696908196,-0.5547808491796011,-0.839406416879616,-0.730547724767314,0.09751598925457905,142,0.6089155515879456,0.6382197978904409,0.5809017583994694,0.4412068787954413,0.7400426207374387,0.6018573214821472,0.09665911813439147,133
0.802426815032959,0.04826513311872417,0.004925203323364258,0.0019779795002860855,1.0,0.1,7,300,1.0,"{'model__colsample_bytree': 1.0, 'model__learning_rate': 0.1, 'model__max_depth': 7, 'model__n_estimators': 300, 'model__subsample': 1.0}",-0.7072512941937045,-0.8135799796598222,-0.7602247196857582,-0.5609914097178277,-0.8070264659354349,-0.7298147738385096,0.09264281817377508,140,0.615044674832398,0.6111484967098968,0.5750540410252575,0.4307657570491328,0.7574107848202133,0.5978847508873797,0.10427746147629328,147
1.6535759449005127,0.052786171292332026,0.012595605850219727,0.003301128101987277,1.0,0.1,7,600,0.8,"{'model__colsample_bytree': 1.0, 'model__learning_rate': 0.1, 'model__max_depth': 7, 'model__n_estimators': 600, 'model__subsample': 0.8}",-0.7107438660374175,-0.7889718982520159,-0.7633951446382385,-0.5574374359266457,-0.8465811118224165,-0.7334258913353467,0.09825887202706242,149,0.6072075932177556,0.6373812181162608,0.5798244675526949,0.43752992433960536,0.7354644788925218,0.5994815364237678,0.09654238808077807,144
1.6197244644165039,0.05190825445277854,0.010032320022583007,0.0010051143514376519,1.0,0.1,7,600,1.0,"{'model__colsample_bytree': 1.0, 'model__learning_rate': 0.1, 'model__max_depth': 7, 'model__n_estimators': 600, 'model__subsample': 1.0}",-0.7094283698623405,-0.8151518748987583,-0.7619280291241806,-0.5637515546123405,-0.8113860628318396,-0.7323291782658918,0.09265910022135894,146,0.6134426217742794,0.609737174752722,0.5734219025332516,0.4259891236881219,0.7551451335253755,0.5955471912547501,0.10510239951600421,153
2.2050739765167235,0.11936913971104741,0.010105562210083009,0.0013311719596436125,1.0,0.1,7,900,0.8,"{'model__colsample_bytree': 1.0, 'model__learning_rate': 0.1, 'model__max_depth': 7, 'model__n_estimators': 900, 'model__subsample': 0.8}",-0.7110952701553648,-0.7892032412539992,-0.7634589614483286,-0.5577062685344193,-0.8469246033057115,-0.7336776689395647,0.09825556595233173,151,0.6069285411729601,0.6372323830956864,0.5797738488960602,0.4371701653283486,0.735233182465342,0.5992676241916794,0.09658389001228672,145
1.9524566650390625,0.07618135003498354,0.008127117156982422,0.0005927330734768369,1.0,0.1,7,900,1.0,"{'model__colsample_bytree': 1.0, 'model__learning_rate': 0.1, 'model__max_depth': 7, 'model__n_estimators': 900, 'model__subsample': 1.0}",-0.710068821265328,-0.8153964030317622,-0.7618892181744565,-0.5640514755457833,-0.8120590868108125,-0.7326930009656285,0.0926747700272804,147,0.6130011800743418,0.609593834651615,0.5733680103108028,0.42536819070844045,0.7547882423456815,0.5952238916181762,0.10517789496846562,154
